run,results_csv,epochs,map_col,final_map,best_map,weights,size_mb,params_m,gpu0_avg_ms,gpu0_med_ms,gpu0_min_ms,gpu0_max_ms,gpu0_fps,gpu0_det_rate,gpu0_avg_dets,gpu0_avg_conf,cpu_avg_ms,cpu_med_ms,cpu_min_ms,cpu_max_ms,cpu_fps,cpu_det_rate,cpu_avg_dets,cpu_avg_conf
optuna_0002,runs/pose/optuna_0002/results.csv,25,metrics/mAP50-95(P),0.924,0.924,runs/pose/optuna_0002/weights/best.pt,18.832764625549316,9.71515,,,,,,,,,257.00025619007647,227.34013013541698,94.664316624403,806.365305557847,3.891046704873335,0.85,0.975,0.8128798349815256
optuna_0012,runs/pose/optuna_0012/results.csv,25,metrics/mAP50-95(P),0.91574,0.91574,runs/pose/optuna_0012/weights/best.pt,18.841126441955566,9.71515,,,,,,,,,262.42115781642497,221.8767562881112,102.47366689145565,803.6907948553562,3.8106683482417356,0.85,0.95,0.8257008050294483
optuna_0022,runs/pose/optuna_0022/results.csv,25,metrics/mAP50-95(P),0.9236,0.92431,runs/pose/optuna_0022/weights/best.pt,18.852662086486816,9.71515,,,,,,,,,366.1594514735043,290.1129275560379,132.1438830345869,1758.0135613679886,2.7310506282871714,0.875,1.0,0.8322160857064383
optuna_0032,runs/pose/optuna_0032/results.csv,25,metrics/mAP50-95(P),0.91655,0.91825,runs/pose/optuna_0032/weights/best.pt,18.831055641174316,9.71515,,,,,,,,,287.56056129932404,171.05843033641577,89.7988062351942,1523.5319826751947,3.4775283351846435,0.85,0.95,0.8064691845108481
optuna_0042,runs/pose/optuna_0042/results.csv,25,metrics/mAP50-95(P),0.92429,0.92429,runs/pose/optuna_0042/weights/best.pt,18.841126441955566,9.71515,,,,,,,,,254.20823548920453,228.02751045674086,105.36275990307331,641.8336518108845,3.9337828614229418,0.85,0.95,0.830184907597654
optuna_0052,runs/pose/optuna_0052/results.csv,25,metrics/mAP50-95(P),0.92118,0.92118,runs/pose/optuna_0052/weights/best.pt,18.847779273986816,9.71515,,,,,,,,,355.69020598195493,264.401875436306,111.00105196237564,1585.792561993003,2.81143529729557,0.875,1.0,0.8185947899307523
optuna_0062,runs/pose/optuna_0062/results.csv,25,metrics/mAP50-95(P),0.9205,0.92318,runs/pose/optuna_0062/weights/best.pt,18.857850074768066,9.71515,,,,,,,,,314.1617836430669,257.7665476128459,121.57484889030457,1430.226756259799,3.1830733464899863,0.875,1.05,0.822355244415147
pogona_head_pose2,runs/pose/pogona_head_pose2/results.csv,150,metrics/mAP50-95(P),0.91738,0.92661,runs/pose/pogona_head_pose2/weights/best.pt,18.856568336486816,9.71515,,,,,,,,,277.40970491431653,259.8647950217128,94.12849135696888,726.9580960273743,3.60477655354152,0.85,0.95,0.8539002125754076
pogona_head_pose3,runs/pose/pogona_head_pose3/results.csv,150,metrics/mAP50-95(P),0.91967,0.93159,runs/pose/pogona_head_pose3/weights/best.pt,18.864930152893066,9.71515,,,,,,,,,238.0765021778643,197.1719190478325,102.69639827311039,559.8034933209419,4.200330527591972,0.85,0.95,0.8829286370207282
